Distributor,Product,Price
TechWorld Inc.,LCD Screen,60
TechWorld Inc.,Battery,45
TechWorld Inc.,Charging Port,40
NexTech Solutions,Touchscreen,80
NexTech Solutions,Speaker,70
NexTech Solutions,USB Port,60
DigitalHub Electronics,Battery,40
DigitalHub Electronics,Charging Cable,30
DigitalHub Electronics,Screen Guard,15.5
PC World Supplies,RAM,120
PC World Supplies,SSD,100
PC World Supplies,Cooling Fan,100
GadgetWorks,LED Panel,180
GadgetWorks,Power Supply,150
GadgetWorks,HDMI Cable,120
PowerUp Electronics,Bluetooth Module,70
PowerUp Electronics,Battery,70
PowerUp Electronics,Speaker,40
PowerUp Electronics,Touchscreen,60
TechWorld Inc.,USB Cable,30
NexTech Solutions,USB Cable,30
DigitalHub Electronics,Charging Port,40
GadgetWorks,Touchscreen,60
PC World Supplies,Power Supply,150
PowerUp Electronics,USB Port,60
TechWorld Inc.,RAM,120
PowerUp Electronics,LED Screen,60
GadgetWorks,LED Screen,60
DigitalHub Electronics,Cooling Fan,100
TechWorld Inc.,LED Screen,60
NexTech Solutions,SSD,100
PC World Supplies,Touchscreen,60
NexTech Solutions,Battery,40
DigitalHub Electronics,USB Port,60
PowerUp Electronics,USB Cable,30
PC World Supplies,Battery,40
DigitalHub Electronics,HDMI Cable,120
NexTech Solutions,Cooling Fan,100
NexTech Solutions,Power Supply,150
NexTech Solutions,RAM,120
TechWorld Inc.,Charging Cable,30